timestamp,user_id,tweet_text,sentiment_label
2024-01-01 10:00:00,user001,"Just learned about MapReduce and it's absolutely amazing! #BigData #ParallelComputing",positive
2024-01-01 10:15:00,user002,"Struggling with distributed systems concepts. This is really difficult to understand.",negative
2024-01-01 10:30:00,user003,"The performance improvements from parallel processing are incredible! ðŸš€",positive
2024-01-01 10:45:00,user004,"Stream processing enables real-time analytics which is fantastic for our use case.",positive
2024-01-01 11:00:00,user005,"AWS services make cloud computing so much easier. Love the scalability!",positive
2024-01-01 11:15:00,user006,"Disappointed with the latency of our current system. Need better optimization.",negative
2024-01-01 11:30:00,user007,"Python multiprocessing is a game-changer for computational tasks.",positive
2024-01-01 11:45:00,user008,"Text processing at scale requires sophisticated parallel algorithms.",neutral
2024-01-01 12:00:00,user009,"Sentiment analysis on social media reveals interesting trends in public opinion.",positive
2024-01-01 12:15:00,user010,"The complexity of distributed systems is overwhelming sometimes.",negative
2024-01-01 12:30:00,user011,"Benchmarking different approaches helps identify optimal solutions.",positive
2024-01-01 12:45:00,user012,"Throughput optimization is crucial for high-performance computing applications.",neutral
2024-01-01 13:00:00,user013,"Machine learning benefits tremendously from parallel processing capabilities.",positive
2024-01-01 13:15:00,user014,"Error handling in distributed systems is more challenging than expected.",negative
2024-01-01 13:30:00,user015,"Real-time data processing opens up amazing possibilities for applications.",positive
2024-01-01 13:45:00,user016,"Load balancing strategies are essential for efficient resource utilization.",neutral
2024-01-01 14:00:00,user017,"The learning curve for parallel computing is steep but worth it.",positive
2024-01-01 14:15:00,user018,"Debugging parallel code is frustrating and time-consuming.",negative
2024-01-01 14:30:00,user019,"Cloud-native architectures provide excellent scalability for modern applications.",positive
2024-01-01 14:45:00,user020,"Performance monitoring helps identify bottlenecks in parallel systems.",neutral
